"a_o","trimestre","proveedor","segmento","terminal","tecnolog_a","no_abonados"
"2018","1","COMUNICACION CELULAR S A COMCEL S A","POSPAGO","DATA CARD","4G","115"
"2018","2","AVANTEL S.A.S","PREPAGO","DATA CARD","4G","249"
"2018","2","COLOMBIA MOVIL  S.A ESP","POSPAGO","DATA CARD","3G","167"
"2018","2","COLOMBIA MOVIL  S.A ESP","POSPAGO","DATA CARD","4G","225"
"2018","2","COLOMBIA MOVIL  S.A ESP","PREPAGO","DATA CARD","3G","5742"
"2018","2","COLOMBIA MOVIL  S.A ESP","PREPAGO","DATA CARD","4G","1899"
"2018","1","COLOMBIA MOVIL  S.A ESP","POSPAGO","TEL�FONO M�VIL","3G","9080"
"2018","2","COLOMBIA TELECOMUNICACIONES S.A. E.S.P.","POSPAGO","DATA CARD","2G","41482"
"2018","2","COLOMBIA TELECOMUNICACIONES S.A. E.S.P.","POSPAGO","DATA CARD","3G","1373"
"2018","2","COLOMBIA TELECOMUNICACIONES S.A. E.S.P.","POSPAGO","DATA CARD","4G","2777"
"2018","1","SUMA MOVIL S.A.S.","PREPAGO","TEL�FONO M�VIL","4G","172"
"2018","2","COLOMBIA TELECOMUNICACIONES S.A. E.S.P.","PREPAGO","DATA CARD","2G","2416"
"2018","2","COLOMBIA TELECOMUNICACIONES S.A. E.S.P.","PREPAGO","DATA CARD","3G","16036"
"2018","2","COLOMBIA TELECOMUNICACIONES S.A. E.S.P.","PREPAGO","DATA CARD","4G","6184"
"2018","2","COMUNICACION CELULAR S A COMCEL S A","POSPAGO","DATA CARD","2G","43"
"2018","2","COMUNICACION CELULAR S A COMCEL S A","POSPAGO","DATA CARD","3G","329"
"2018","2","COMUNICACION CELULAR S A COMCEL S A","POSPAGO","DATA CARD","4G","331"
"2018","1","COLOMBIA TELECOMUNICACIONES S.A. E.S.P.","POSPAGO","TEL�FONO M�VIL","2G","12700"
"2018","2","COMUNICACION CELULAR S A COMCEL S A","PREPAGO","DATA CARD","2G","1975"
"2018","2","COMUNICACION CELULAR S A COMCEL S A","PREPAGO","DATA CARD","3G","15705"
"2018","2","COMUNICACION CELULAR S A COMCEL S A","PREPAGO","DATA CARD","4G","4225"
"2018","1","COMUNICACION CELULAR S A COMCEL S A","POSPAGO","TEL�FONO M�VIL","2G","7390"
"2018","1","EMPRESA DE TELECOMUNICACIONES DE BOGOTA S.A. ESP","PREPAGO","TEL�FONO M�VIL","2G","1967"
"2018","1","SUMA MOVIL S.A.S.","PREPAGO","TEL�FONO M�VIL","3G","237"
"2018","2","UNE EPM TELECOMUNICACIONES S.A.","PREPAGO","DATA CARD","2G","0"
"2018","2","UNE EPM TELECOMUNICACIONES S.A.","PREPAGO","DATA CARD","3G","0"
"2018","2","UNE EPM TELECOMUNICACIONES S.A.","PREPAGO","DATA CARD","4G","0"
"2018","1","COMUNICACION CELULAR S A COMCEL S A","PREPAGO","DATA CARD","4G","3706"
"2018","3","AVANTEL S.A.S","PREPAGO","DATA CARD","4G","215"
"2018","1","UNE EPM TELECOMUNICACIONES S.A.","PREPAGO","DATA CARD","2G","0"
"2018","3","COLOMBIA MOVIL  S.A ESP","POSPAGO","DATA CARD","3G","126"
"2018","3","COLOMBIA MOVIL  S.A ESP","POSPAGO","DATA CARD","4G","184"
"2018","1","VIRGIN MOBILE COLOMBIA S.A.S.","PREPAGO","TEL�FONO M�VIL","4G","82273"
"2018","3","COLOMBIA MOVIL  S.A ESP","PREPAGO","DATA CARD","3G","5249"
"2018","3","COLOMBIA MOVIL  S.A ESP","PREPAGO","DATA CARD","4G","1678"
"2018","3","COLOMBIA TELECOMUNICACIONES S.A. E.S.P.","POSPAGO","DATA CARD","2G","42495"
"2018","3","COLOMBIA TELECOMUNICACIONES S.A. E.S.P.","POSPAGO","DATA CARD","3G","963"
"2018","3","COLOMBIA TELECOMUNICACIONES S.A. E.S.P.","POSPAGO","DATA CARD","4G","2827"
"2018","3","COLOMBIA TELECOMUNICACIONES S.A. E.S.P.","PREPAGO","DATA CARD","2G","2059"
"2018","3","COLOMBIA TELECOMUNICACIONES S.A. E.S.P.","PREPAGO","DATA CARD","3G","13950"
"2018","3","COLOMBIA TELECOMUNICACIONES S.A. E.S.P.","PREPAGO","DATA CARD","4G","6623"
"2018","1","COLOMBIA MOVIL  S.A ESP","PREPAGO","TEL�FONO M�VIL","4G","1237454"
"2018","1","ALMACENES EXITO INVERSIONES S.A.S.","PREPAGO","TEL�FONO M�VIL","3G","292303"
"2018","3","COMUNICACION CELULAR S A COMCEL S A","POSPAGO","DATA CARD","2G","43"
"2018","3","COMUNICACION CELULAR S A COMCEL S A","POSPAGO","DATA CARD","3G","315"
"2018","3","COMUNICACION CELULAR S A COMCEL S A","POSPAGO","DATA CARD","4G","504"
"2018","1","AVANTEL S.A.S","PREPAGO","DATA CARD","4G","270"
"2018","3","COMUNICACION CELULAR S A COMCEL S A","PREPAGO","DATA CARD","2G","1209"
"2018","3","COMUNICACION CELULAR S A COMCEL S A","PREPAGO","DATA CARD","3G","14434"
"2018","3","COMUNICACION CELULAR S A COMCEL S A","PREPAGO","DATA CARD","4G","5929"
"2018","1","COLOMBIA TELECOMUNICACIONES S.A. E.S.P.","POSPAGO","DATA CARD","4G","2635"
"2018","1","COMUNICACION CELULAR S A COMCEL S A","PREPAGO","TEL�FONO M�VIL","2G","750228"
"2018","1","COLOMBIA TELECOMUNICACIONES S.A. E.S.P.","PREPAGO","TEL�FONO M�VIL","2G","141995"
"2018","4","AVANTEL S.A.S","PREPAGO","DATA CARD","4G","182"
"2018","1","COMUNICACION CELULAR S A COMCEL S A","POSPAGO","TEL�FONO M�VIL","4G","26238"
"2018","4","COLOMBIA MOVIL  S.A ESP","POSPAGO","DATA CARD","3G","69"
"2018","4","COLOMBIA MOVIL  S.A ESP","POSPAGO","DATA CARD","4G","156"
"2018","1","COMUNICACION CELULAR S A COMCEL S A","PREPAGO","DATA CARD","2G","2009"
"2018","4","COLOMBIA MOVIL  S.A ESP","PREPAGO","DATA CARD","3G","5597"
"2018","4","COLOMBIA MOVIL  S.A ESP","PREPAGO","DATA CARD","4G","833"
"2018","4","COLOMBIA TELECOMUNICACIONES S.A. E.S.P.","POSPAGO","DATA CARD","2G","70234"
"2018","4","COLOMBIA TELECOMUNICACIONES S.A. E.S.P.","POSPAGO","DATA CARD","3G","997"
"2018","4","COLOMBIA TELECOMUNICACIONES S.A. E.S.P.","POSPAGO","DATA CARD","4G","2872"
"2018","4","COLOMBIA TELECOMUNICACIONES S.A. E.S.P.","PREPAGO","DATA CARD","2G","2319"
"2018","4","COLOMBIA TELECOMUNICACIONES S.A. E.S.P.","PREPAGO","DATA CARD","3G","14157"
"2018","4","COLOMBIA TELECOMUNICACIONES S.A. E.S.P.","PREPAGO","DATA CARD","4G","6565"
"2018","4","COMUNICACION CELULAR S A COMCEL S A","POSPAGO","DATA CARD","2G","38"
"2018","4","COMUNICACION CELULAR S A COMCEL S A","POSPAGO","DATA CARD","3G","128"
"2018","4","COMUNICACION CELULAR S A COMCEL S A","POSPAGO","DATA CARD","4G","610"
"2018","1","COLOMBIA MOVIL  S.A ESP","POSPAGO","TEL�FONO M�VIL","2G","357"
"2018","1","UNE EPM TELECOMUNICACIONES S.A.","PREPAGO","DATA CARD","4G","0"
"2018","1","VIRGIN MOBILE COLOMBIA S.A.S.","PREPAGO","TEL�FONO M�VIL","3G","378131"
"2018","4","COMUNICACION CELULAR S A COMCEL S A","PREPAGO","DATA CARD","2G","1391"
"2018","4","COMUNICACION CELULAR S A COMCEL S A","PREPAGO","DATA CARD","3G","13984"
"2018","4","COMUNICACION CELULAR S A COMCEL S A","PREPAGO","DATA CARD","4G","12101"
"2018","1","COLOMBIA TELECOMUNICACIONES S.A. E.S.P.","POSPAGO","DATA CARD","3G","1652"
"2018","1","COLOMBIA TELECOMUNICACIONES S.A. E.S.P.","POSPAGO","TEL�FONO M�VIL","4G","291623"
"2018","1","UFF MOVIL SAS","PREPAGO","TEL�FONO M�VIL","2G","6489"
"2018","1","COLOMBIA MOVIL  S.A ESP","PREPAGO","DATA CARD","3G","6882"
"2019","1","AVANTEL S.A.S","PREPAGO","DATA CARD","4G","162"
"2019","1","COLOMBIA MOVIL  S.A ESP","POSPAGO","DATA CARD","3G","77"
"2019","1","COLOMBIA MOVIL  S.A ESP","POSPAGO","DATA CARD","4G","188"
"2019","1","COLOMBIA MOVIL  S.A ESP","PREPAGO","DATA CARD","3G","4835"
"2019","1","COLOMBIA MOVIL  S.A ESP","PREPAGO","DATA CARD","4G","1938"
"2018","1","COLOMBIA TELECOMUNICACIONES S.A. E.S.P.","PREPAGO","DATA CARD","3G","20319"
"2019","1","COLOMBIA TELECOMUNICACIONES S.A. E.S.P.","POSPAGO","DATA CARD","2G","51150"
"2019","1","COLOMBIA TELECOMUNICACIONES S.A. E.S.P.","POSPAGO","DATA CARD","3G","752"
"2019","1","COLOMBIA TELECOMUNICACIONES S.A. E.S.P.","POSPAGO","DATA CARD","4G","2980"
"2018","1","EMPRESA DE TELECOMUNICACIONES DE BOGOTA S.A. ESP","PREPAGO","TEL�FONO M�VIL","4G","123628"
"2019","1","COLOMBIA TELECOMUNICACIONES S.A. E.S.P.","PREPAGO","DATA CARD","2G","2172"
"2019","1","COLOMBIA TELECOMUNICACIONES S.A. E.S.P.","PREPAGO","DATA CARD","3G","13525"
"2019","1","COLOMBIA TELECOMUNICACIONES S.A. E.S.P.","PREPAGO","DATA CARD","4G","7600"
"2018","1","UNE EPM TELECOMUNICACIONES S.A.","PREPAGO","DATA CARD","3G","0"
"2018","1","COMUNICACION CELULAR S A COMCEL S A","POSPAGO","DATA CARD","2G","60"
"2019","1","COMUNICACION CELULAR S A COMCEL S A","POSPAGO","DATA CARD","2G","29"
"2019","1","COMUNICACION CELULAR S A COMCEL S A","POSPAGO","DATA CARD","3G","84"
"2019","1","COMUNICACION CELULAR S A COMCEL S A","POSPAGO","DATA CARD","4G","243"
"2019","1","COMUNICACION CELULAR S A COMCEL S A","PREPAGO","DATA CARD","2G","1512"
"2019","1","COMUNICACION CELULAR S A COMCEL S A","PREPAGO","DATA CARD","3G","14905"
"2019","1","COMUNICACION CELULAR S A COMCEL S A","PREPAGO","DATA CARD","4G","15635"
"2018","1","COLOMBIA MOVIL  S.A ESP","POSPAGO","TEL�FONO M�VIL","4G","47580"
"2018","1","UFF MOVIL SAS","PREPAGO","TEL�FONO M�VIL","4G","750"
"2018","1","COLOMBIA MOVIL  S.A ESP","PREPAGO","DATA CARD","4G","3467"
"2018","1","COMUNICACION CELULAR S A COMCEL S A","PREPAGO","TEL�FONO M�VIL","3G","5342966"
"2018","1","UFF MOVIL SAS","PREPAGO","TEL�FONO M�VIL","3G","4401"
"2019","2","AVANTEL S.A.S","PREPAGO","DATA CARD","4G","132"
"2019","2","COLOMBIA MOVIL  S.A ESP","POSPAGO","DATA CARD","3G","58"
"2019","2","COLOMBIA MOVIL  S.A ESP","POSPAGO","DATA CARD","4G","205"
"2019","2","COLOMBIA MOVIL  S.A ESP","PREPAGO","DATA CARD","3G","4262"
"2019","2","COLOMBIA MOVIL  S.A ESP","PREPAGO","DATA CARD","4G","1786"
"2018","1","COLOMBIA MOVIL  S.A ESP","POSPAGO","DATA CARD","4G","418"
"2018","1","COLOMBIA TELECOMUNICACIONES S.A. E.S.P.","POSPAGO","TEL�FONO M�VIL","3G","151264"
"2019","2","COLOMBIA TELECOMUNICACIONES S.A. E.S.P.","POSPAGO","DATA CARD","2G","53843"
"2019","2","COLOMBIA TELECOMUNICACIONES S.A. E.S.P.","POSPAGO","DATA CARD","3G","705"
"2019","2","COLOMBIA TELECOMUNICACIONES S.A. E.S.P.","POSPAGO","DATA CARD","4G","2859"
"2019","2","COLOMBIA TELECOMUNICACIONES S.A. E.S.P.","PREPAGO","DATA CARD","2G","1960"
"2019","2","COLOMBIA TELECOMUNICACIONES S.A. E.S.P.","PREPAGO","DATA CARD","3G","12468"
"2019","2","COLOMBIA TELECOMUNICACIONES S.A. E.S.P.","PREPAGO","DATA CARD","4G","9470"
"2018","1","COLOMBIA MOVIL  S.A ESP","PREPAGO","TEL�FONO M�VIL","2G","46856"
"2019","2","COMUNICACION CELULAR S A COMCEL S A","POSPAGO","DATA CARD","2G","21"
"2019","2","COMUNICACION CELULAR S A COMCEL S A","POSPAGO","DATA CARD","3G","61"
"2019","2","COMUNICACION CELULAR S A COMCEL S A","POSPAGO","DATA CARD","4G","157"
"2019","2","COMUNICACION CELULAR S A COMCEL S A","PREPAGO","DATA CARD","2G","1029"
"2019","2","COMUNICACION CELULAR S A COMCEL S A","PREPAGO","DATA CARD","3G","12643"
"2019","2","COMUNICACION CELULAR S A COMCEL S A","PREPAGO","DATA CARD","4G","18883"
"2018","1","COMUNICACION CELULAR S A COMCEL S A","POSPAGO","TEL�FONO M�VIL","3G","25620"
"2018","1","COLOMBIA TELECOMUNICACIONES S.A. E.S.P.","PREPAGO","TEL�FONO M�VIL","3G","1135058"
"2018","1","COLOMBIA TELECOMUNICACIONES S.A. E.S.P.","PREPAGO","DATA CARD","4G","6504"
"2018","1","COLOMBIA TELECOMUNICACIONES S.A. E.S.P.","PREPAGO","TEL�FONO M�VIL","4G","909798"
"2018","1","COLOMBIA MOVIL  S.A ESP","PREPAGO","TEL�FONO M�VIL","3G","753896"
"2019","3","AVANTEL S.A.S","PREPAGO","DATA CARD","4G","116"
"2019","3","COLOMBIA MOVIL  S.A ESP","POSPAGO","DATA CARD","3G","46"
"2019","3","COLOMBIA MOVIL  S.A ESP","POSPAGO","DATA CARD","4G","187"
"2019","3","COLOMBIA MOVIL  S.A ESP","PREPAGO","DATA CARD","3G","4573"
"2019","3","COLOMBIA MOVIL  S.A ESP","PREPAGO","DATA CARD","4G","2074"
"2019","3","COLOMBIA TELECOMUNICACIONES S.A. E.S.P.","POSPAGO","DATA CARD","2G","57784"
"2019","3","COLOMBIA TELECOMUNICACIONES S.A. E.S.P.","POSPAGO","DATA CARD","3G","505"
"2019","3","COLOMBIA TELECOMUNICACIONES S.A. E.S.P.","POSPAGO","DATA CARD","4G","2250"
"2018","1","COMUNICACION CELULAR S A COMCEL S A","POSPAGO","DATA CARD","3G","275"
"2018","1","COLOMBIA MOVIL  S.A ESP","POSPAGO","DATA CARD","3G","133"
"2019","3","COLOMBIA TELECOMUNICACIONES S.A. E.S.P.","PREPAGO","DATA CARD","2G","2076"
"2019","3","COLOMBIA TELECOMUNICACIONES S.A. E.S.P.","PREPAGO","DATA CARD","3G","10807"
"2019","3","COLOMBIA TELECOMUNICACIONES S.A. E.S.P.","PREPAGO","DATA CARD","4G","6489"
"2019","3","COMUNICACION CELULAR S A COMCEL S A","POSPAGO","DATA CARD","2G","27"
"2019","3","COMUNICACION CELULAR S A COMCEL S A","POSPAGO","DATA CARD","3G","63"
"2019","3","COMUNICACION CELULAR S A COMCEL S A","POSPAGO","DATA CARD","4G","145"
"2018","1","VIRGIN MOBILE COLOMBIA S.A.S.","PREPAGO","TEL�FONO M�VIL","2G","23692"
"2019","3","COMUNICACION CELULAR S A COMCEL S A","PREPAGO","DATA CARD","2G","934"
"2019","3","COMUNICACION CELULAR S A COMCEL S A","PREPAGO","DATA CARD","3G","12218"
"2019","3","COMUNICACION CELULAR S A COMCEL S A","PREPAGO","DATA CARD","4G","24150"
"2018","1","COLOMBIA TELECOMUNICACIONES S.A. E.S.P.","PREPAGO","DATA CARD","2G","3157"
"2018","1","COMUNICACION CELULAR S A COMCEL S A","PREPAGO","TEL�FONO M�VIL","4G","2438488"
"2018","1","AVANTEL S.A.S","PREPAGO","TEL�FONO M�VIL","4G","352720"
"2018","1","COMUNICACION CELULAR S A COMCEL S A","PREPAGO","DATA CARD","3G","17791"
"2018","1","COLOMBIA TELECOMUNICACIONES S.A. E.S.P.","POSPAGO","DATA CARD","2G","40848"
"2018","1","EMPRESA DE TELECOMUNICACIONES DE BOGOTA S.A. ESP","PREPAGO","TEL�FONO M�VIL","3G","64595"
"2019","4","AVANTEL S.A.S","PREPAGO","DATA CARD","4G","421"
"2019","4","COLOMBIA MOVIL  S.A ESP","POSPAGO","DATA CARD","3G","40"
"2019","4","COLOMBIA MOVIL  S.A ESP","POSPAGO","DATA CARD","4G","183"
"2019","4","COLOMBIA MOVIL  S.A ESP","PREPAGO","DATA CARD","3G","6723"
"2019","4","COLOMBIA MOVIL  S.A ESP","PREPAGO","DATA CARD","4G","2510"
"2019","4","COLOMBIA TELECOMUNICACIONES S.A. E.S.P.","POSPAGO","DATA CARD","2G","58567"
"2019","4","COLOMBIA TELECOMUNICACIONES S.A. E.S.P.","POSPAGO","DATA CARD","3G","234"
"2019","4","COLOMBIA TELECOMUNICACIONES S.A. E.S.P.","POSPAGO","DATA CARD","4G","2020"
"2019","4","COLOMBIA TELECOMUNICACIONES S.A. E.S.P.","PREPAGO","DATA CARD","2G","2189"
"2019","4","COLOMBIA TELECOMUNICACIONES S.A. E.S.P.","PREPAGO","DATA CARD","3G","11670"
"2019","4","COLOMBIA TELECOMUNICACIONES S.A. E.S.P.","PREPAGO","DATA CARD","4G","6692"
"2019","4","COMUNICACION CELULAR S A COMCEL S A","POSPAGO","DATA CARD","2G","13"
"2019","4","COMUNICACION CELULAR S A COMCEL S A","POSPAGO","DATA CARD","3G","44"
"2019","4","COMUNICACION CELULAR S A COMCEL S A","POSPAGO","DATA CARD","4G","127"
"2019","4","COMUNICACION CELULAR S A COMCEL S A","PREPAGO","DATA CARD","2G","877"
"2019","4","COMUNICACION CELULAR S A COMCEL S A","PREPAGO","DATA CARD","3G","12040"
"2019","4","COMUNICACION CELULAR S A COMCEL S A","PREPAGO","DATA CARD","4G","26450"
"2020","1","AVANTEL S.A.S","PREPAGO","DATA CARD","4G","431"
"2020","1","COLOMBIA MOVIL  S.A ESP","POSPAGO","DATA CARD","3G","22"
"2020","1","COLOMBIA MOVIL  S.A ESP","POSPAGO","DATA CARD","4G","190"
"2020","1","COLOMBIA MOVIL  S.A ESP","PREPAGO","DATA CARD","3G","5692"
"2020","1","COLOMBIA MOVIL  S.A ESP","PREPAGO","DATA CARD","4G","2365"
"2020","2","LOGISTICA FLASH COLOMBIA S.A.S","PREPAGO","TEL�FONO M�VIL","4G","109866"
"2020","1","COLOMBIA TELECOMUNICACIONES S.A. E.S.P.","POSPAGO","DATA CARD","2G","52453"
"2020","1","COLOMBIA TELECOMUNICACIONES S.A. E.S.P.","POSPAGO","DATA CARD","3G","213"
"2020","1","COLOMBIA TELECOMUNICACIONES S.A. E.S.P.","POSPAGO","DATA CARD","4G","2059"
"2020","2","VIRGIN MOBILE COLOMBIA S.A.S.","PREPAGO","TEL�FONO M�VIL","3G","197569"
"2020","2","COLOMBIA MOVIL  S.A ESP","PREPAGO","TEL�FONO M�VIL","2G","116012"
"2020","2","LOGISTICA FLASH COLOMBIA S.A.S","PREPAGO","TEL�FONO M�VIL","3G","48585"
"2020","1","COLOMBIA TELECOMUNICACIONES S.A. E.S.P.","PREPAGO","DATA CARD","2G","1822"
"2020","1","COLOMBIA TELECOMUNICACIONES S.A. E.S.P.","PREPAGO","DATA CARD","3G","9880"
"2020","1","COLOMBIA TELECOMUNICACIONES S.A. E.S.P.","PREPAGO","DATA CARD","4G","6707"
"2020","2","COLOMBIA TELECOMUNICACIONES S.A. E.S.P.","POSPAGO","TEL�FONO M�VIL","3G","21484"
"2020","2","COLOMBIA TELECOMUNICACIONES S.A. E.S.P.","POSPAGO","TEL�FONO M�VIL","4G","126881"
"2020","2","COLOMBIA MOVIL  S.A ESP","PREPAGO","DATA CARD","4G","6388"
"2020","1","COMUNICACION CELULAR S A COMCEL S A","POSPAGO","DATA CARD","2G","11"
"2020","1","COMUNICACION CELULAR S A COMCEL S A","POSPAGO","DATA CARD","3G","36"
"2020","1","COMUNICACION CELULAR S A COMCEL S A","POSPAGO","DATA CARD","4G","60"
"2020","2","COLOMBIA TELECOMUNICACIONES S.A. E.S.P.","PREPAGO","TEL�FONO M�VIL","3G","846494"
"2020","2","COMUNICACION CELULAR S A COMCEL S A","PREPAGO","TEL�FONO M�VIL","4G","5908362"
"2020","2","COLOMBIA TELECOMUNICACIONES S.A. E.S.P.","PREPAGO","TEL�FONO M�VIL","2G","76196"
"2020","1","COMUNICACION CELULAR S A COMCEL S A","PREPAGO","DATA CARD","2G","738"
"2020","1","COMUNICACION CELULAR S A COMCEL S A","PREPAGO","DATA CARD","3G","10634"
"2020","1","COMUNICACION CELULAR S A COMCEL S A","PREPAGO","DATA CARD","4G","24542"
"2020","2","ALMACENES EXITO INVERSIONES S.A.S.","PREPAGO","TEL�FONO M�VIL","3G","182718"
"2020","2","COMUNICACION CELULAR S A COMCEL S A","PREPAGO","TEL�FONO M�VIL","2G","319238"
"2020","2","COLOMBIA TELECOMUNICACIONES S.A. E.S.P.","PREPAGO","TEL�FONO M�VIL","4G","1876399"
"2020","2","COLOMBIA TELECOMUNICACIONES S.A. E.S.P.","POSPAGO","DATA CARD","3G","149"
"2020","2","COLOMBIA TELECOMUNICACIONES S.A. E.S.P.","POSPAGO","DATA CARD","4G","1469"
"2020","2","COLOMBIA MOVIL  S.A ESP","PREPAGO","TEL�FONO M�VIL","3G","656879"
"2020","2","COMUNICACION CELULAR S A COMCEL S A","POSPAGO","TEL�FONO M�VIL","4G","4524"
"2020","2","EMPRESA DE TELECOMUNICACIONES DE BOGOTA S.A. ESP","PREPAGO","TEL�FONO M�VIL","2G","484"
"2020","2","COLOMBIA MOVIL  S.A ESP","POSPAGO","TEL�FONO M�VIL","4G","5992"
"2020","2","COLOMBIA MOVIL  S.A ESP","POSPAGO","DATA CARD","3G","44"
"2020","2","COLOMBIA MOVIL  S.A ESP","POSPAGO","TEL�FONO M�VIL","2G","100"
"2020","2","AVANTEL S.A.S","PREPAGO","TEL�FONO M�VIL","4G","255964"
"2020","2","COMUNICACION CELULAR S A COMCEL S A","PREPAGO","DATA CARD","4G","23329"
"2020","2","LOGISTICA FLASH COLOMBIA S.A.S","PREPAGO","TEL�FONO M�VIL","2G","681"
"2019","2","COLOMBIA MOVIL  S.A ESP","PREPAGO","TEL�FONO M�VIL","3G","686039"
"2018","3","COLOMBIA MOVIL  S.A ESP","POSPAGO","TEL�FONO M�VIL","2G","1364"
"2018","3","COLOMBIA MOVIL  S.A ESP","POSPAGO","TEL�FONO M�VIL","3G","11699"
"2019","3","LOGISTICA FLASH COLOMBIA S.A.S","PREPAGO","TEL�FONO M�VIL","3G","108572"
"2018","4","EMPRESA DE TELECOMUNICACIONES DE BOGOTA S.A. ESP","PREPAGO","TEL�FONO M�VIL","3G","39240"
"2020","1","LOGISTICA FLASH COLOMBIA S.A.S","PREPAGO","TEL�FONO M�VIL","3G","51447"
"2019","2","COMUNICACION CELULAR S A COMCEL S A","POSPAGO","TEL�FONO M�VIL","2G","1767"
"2019","2","COLOMBIA TELECOMUNICACIONES S.A. E.S.P.","POSPAGO","TEL�FONO M�VIL","3G","42871"
"2019","1","COLOMBIA TELECOMUNICACIONES S.A. E.S.P.","PREPAGO","TEL�FONO M�VIL","3G","1007308"
"2019","1","COLOMBIA MOVIL  S.A ESP","POSPAGO","TEL�FONO M�VIL","2G","1561"
"2019","4","COLOMBIA MOVIL  S.A ESP","POSPAGO","TEL�FONO M�VIL","2G","194"
"2018","2","COLOMBIA MOVIL  S.A ESP","POSPAGO","TEL�FONO M�VIL","4G","33034"
"2018","4","AVANTEL S.A.S","PREPAGO","TEL�FONO M�VIL","4G","414847"
"2018","2","COLOMBIA TELECOMUNICACIONES S.A. E.S.P.","PREPAGO","TEL�FONO M�VIL","4G","1067041"
"2018","4","COMUNICACION CELULAR S A COMCEL S A","PREPAGO","TEL�FONO M�VIL","4G","3738545"
"2018","4","COMUNICACION CELULAR S A COMCEL S A","POSPAGO","TEL�FONO M�VIL","4G","15085"
"2019","2","COLOMBIA MOVIL  S.A ESP","PREPAGO","TEL�FONO M�VIL","2G","100017"
"2020","1","LOGISTICA FLASH COLOMBIA S.A.S","PREPAGO","TEL�FONO M�VIL","4G","116857"
"2019","2","AVANTEL S.A.S","PREPAGO","TEL�FONO M�VIL","4G","404315"
"2018","2","AVANTEL S.A.S","PREPAGO","TEL�FONO M�VIL","4G","370338"
"2019","3","COLOMBIA TELECOMUNICACIONES S.A. E.S.P.","PREPAGO","TEL�FONO M�VIL","2G","96265"
"2019","1","COLOMBIA TELECOMUNICACIONES S.A. E.S.P.","POSPAGO","TEL�FONO M�VIL","2G","1968"
"2019","2","LOGISTICA FLASH COLOMBIA S.A.S","PREPAGO","TEL�FONO M�VIL","4G","268664"
"2019","3","COLOMBIA MOVIL  S.A ESP","POSPAGO","TEL�FONO M�VIL","4G","7899"
"2019","4","LOGISTICA FLASH COLOMBIA S.A.S","PREPAGO","TEL�FONO M�VIL","4G","141362"
"2018","2","COLOMBIA MOVIL  S.A ESP","POSPAGO","TEL�FONO M�VIL","3G","10711"
"2019","2","VIRGIN MOBILE COLOMBIA S.A.S.","PREPAGO","TEL�FONO M�VIL","4G","133347"
"2018","2","COMUNICACION CELULAR S A COMCEL S A","POSPAGO","TEL�FONO M�VIL","3G","23151"
"2018","2","COLOMBIA MOVIL  S.A ESP","PREPAGO","TEL�FONO M�VIL","4G","1150428"
"2019","3","SUMA MOVIL S.A.S.","PREPAGO","TEL�FONO M�VIL","4G","444"
"2018","4","COLOMBIA MOVIL  S.A ESP","POSPAGO","TEL�FONO M�VIL","2G","1786"
"2018","3","COLOMBIA MOVIL  S.A ESP","PREPAGO","TEL�FONO M�VIL","2G","92048"
"2020","1","COLOMBIA MOVIL  S.A ESP","POSPAGO","TEL�FONO M�VIL","4G","6353"
"2019","3","COMUNICACION CELULAR S A COMCEL S A","POSPAGO","TEL�FONO M�VIL","4G","7621"
"2019","4","COMUNICACION CELULAR S A COMCEL S A","POSPAGO","TEL�FONO M�VIL","3G","4062"
"2018","2","COMUNICACION CELULAR S A COMCEL S A","PREPAGO","TEL�FONO M�VIL","2G","613425"
"2020","1","COMUNICACION CELULAR S A COMCEL S A","PREPAGO","TEL�FONO M�VIL","2G","300442"
"2019","3","COLOMBIA TELECOMUNICACIONES S.A. E.S.P.","PREPAGO","TEL�FONO M�VIL","3G","939649"
"2018","2","ALMACENES EXITO INVERSIONES S.A.S.","PREPAGO","TEL�FONO M�VIL","3G","312337"
"2018","2","UFF MOVIL SAS","PREPAGO","TEL�FONO M�VIL","3G","3566"
"2019","3","NESH MOVIL S A S","PREPAGO","TEL�FONO M�VIL","3G","0"
"2018","4","COLOMBIA MOVIL  S.A ESP","POSPAGO","TEL�FONO M�VIL","4G","24051"
"2020","1","EMPRESA DE TELECOMUNICACIONES DE BOGOTA S.A. ESP","PREPAGO","TEL�FONO M�VIL","2G","575"
"2018","4","LOGISTICA FLASH COLOMBIA S.A.S","PREPAGO","TEL�FONO M�VIL","3G","191456"
"2019","2","EMPRESA DE TELECOMUNICACIONES DE BOGOTA S.A. ESP","PREPAGO","TEL�FONO M�VIL","2G","821"
"2019","1","LOGISTICA FLASH COLOMBIA S.A.S","PREPAGO","TEL�FONO M�VIL","2G","4778"
"2019","1","LOGISTICA FLASH COLOMBIA S.A.S","PREPAGO","TEL�FONO M�VIL","3G","174127"
"2019","3","EMPRESA DE TELECOMUNICACIONES DE BOGOTA S.A. ESP","PREPAGO","TEL�FONO M�VIL","3G","28362"
"2019","1","COLOMBIA MOVIL  S.A ESP","PREPAGO","TEL�FONO M�VIL","3G","735090"
"2018","3","COLOMBIA TELECOMUNICACIONES S.A. E.S.P.","PREPAGO","TEL�FONO M�VIL","2G","120286"
"2019","4","COMUNICACION CELULAR S A COMCEL S A","PREPAGO","TEL�FONO M�VIL","2G","368365"
"2018","3","SUMA MOVIL S.A.S.","PREPAGO","TEL�FONO M�VIL","3G","168"
"2020","1","SUMA MOVIL S.A.S.","PREPAGO","TEL�FONO M�VIL","4G","1169"
"2018","2","SUMA MOVIL S.A.S.","PREPAGO","TEL�FONO M�VIL","4G","172"
"2020","1","EMPRESA DE TELECOMUNICACIONES DE BOGOTA S.A. ESP","PREPAGO","TEL�FONO M�VIL","3G","22266"
"2018","3","SUMA MOVIL S.A.S.","PREPAGO","TEL�FONO M�VIL","4G","296"
"2019","3","EMPRESA DE TELECOMUNICACIONES DE BOGOTA S.A. ESP","PREPAGO","TEL�FONO M�VIL","4G","117468"
"2018","3","VIRGIN MOBILE COLOMBIA S.A.S.","PREPAGO","TEL�FONO M�VIL","3G","318076"
"2019","3","COLOMBIA MOVIL  S.A ESP","POSPAGO","TEL�FONO M�VIL","2G","294"
"2020","1","COMUNICACION CELULAR S A COMCEL S A","POSPAGO","TEL�FONO M�VIL","2G","1087"
"2019","4","COLOMBIA MOVIL  S.A ESP","PREPAGO","TEL�FONO M�VIL","2G","140576"
"2018","2","COLOMBIA MOVIL  S.A ESP","PREPAGO","TEL�FONO M�VIL","3G","800834"
"2020","1","COMUNICACION CELULAR S A COMCEL S A","POSPAGO","TEL�FONO M�VIL","4G","4831"
"2018","4","COLOMBIA TELECOMUNICACIONES S.A. E.S.P.","PREPAGO","TEL�FONO M�VIL","3G","1075107"
"2018","4","COLOMBIA TELECOMUNICACIONES S.A. E.S.P.","POSPAGO","TEL�FONO M�VIL","4G","236787"
"2019","4","SUMA MOVIL S.A.S.","PREPAGO","TEL�FONO M�VIL","4G","2142"
"2019","2","COLOMBIA TELECOMUNICACIONES S.A. E.S.P.","POSPAGO","TEL�FONO M�VIL","2G","1644"
"2019","2","COLOMBIA MOVIL  S.A ESP","POSPAGO","TEL�FONO M�VIL","3G","1881"
"2018","2","VIRGIN MOBILE COLOMBIA S.A.S.","PREPAGO","TEL�FONO M�VIL","4G","100527"
"2019","3","COMUNICACION CELULAR S A COMCEL S A","POSPAGO","TEL�FONO M�VIL","3G","4940"
"2019","1","EMPRESA DE TELECOMUNICACIONES DE BOGOTA S.A. ESP","PREPAGO","TEL�FONO M�VIL","4G","119213"
"2020","1","COMUNICACION CELULAR S A COMCEL S A","POSPAGO","TEL�FONO M�VIL","3G","3155"
"2018","4","COLOMBIA MOVIL  S.A ESP","PREPAGO","TEL�FONO M�VIL","2G","118430"
"2019","4","LOGISTICA FLASH COLOMBIA S.A.S","PREPAGO","TEL�FONO M�VIL","3G","66013"
"2020","1","COLOMBIA TELECOMUNICACIONES S.A. E.S.P.","POSPAGO","TEL�FONO M�VIL","4G","150846"
"2019","3","COLOMBIA TELECOMUNICACIONES S.A. E.S.P.","PREPAGO","TEL�FONO M�VIL","4G","1676070"
"2019","2","EMPRESA DE TELECOMUNICACIONES DE BOGOTA S.A. ESP","PREPAGO","TEL�FONO M�VIL","3G","31514"
"2018","3","COLOMBIA TELECOMUNICACIONES S.A. E.S.P.","PREPAGO","TEL�FONO M�VIL","3G","1055397"
"2019","4","LOGISTICA FLASH COLOMBIA S.A.S","PREPAGO","TEL�FONO M�VIL","2G","1167"
"2018","4","COLOMBIA MOVIL  S.A ESP","POSPAGO","TEL�FONO M�VIL","3G","6155"
"2020","1","COLOMBIA TELECOMUNICACIONES S.A. E.S.P.","POSPAGO","TEL�FONO M�VIL","2G","822"
"2019","4","COLOMBIA TELECOMUNICACIONES S.A. E.S.P.","PREPAGO","TEL�FONO M�VIL","4G","1824719"
"2018","2","COLOMBIA MOVIL  S.A ESP","PREPAGO","TEL�FONO M�VIL","2G","95129"
"2019","1","VIRGIN MOBILE COLOMBIA S.A.S.","PREPAGO","TEL�FONO M�VIL","4G","143950"
"2019","4","COLOMBIA TELECOMUNICACIONES S.A. E.S.P.","PREPAGO","TEL�FONO M�VIL","3G","894377"
"2018","2","EMPRESA DE TELECOMUNICACIONES DE BOGOTA S.A. ESP","PREPAGO","TEL�FONO M�VIL","3G","56524"
"2018","4","COLOMBIA TELECOMUNICACIONES S.A. E.S.P.","POSPAGO","TEL�FONO M�VIL","3G","76485"
"2019","1","COLOMBIA MOVIL  S.A ESP","POSPAGO","TEL�FONO M�VIL","4G","19756"
"2019","1","AVANTEL S.A.S","PREPAGO","TEL�FONO M�VIL","4G","427914"
"2019","4","COLOMBIA MOVIL  S.A ESP","POSPAGO","TEL�FONO M�VIL","3G","974"
"2019","1","COLOMBIA MOVIL  S.A ESP","PREPAGO","TEL�FONO M�VIL","2G","106719"
"2018","3","LOGISTICA FLASH COLOMBIA S.A.S","PREPAGO","TEL�FONO M�VIL","3G","123228"
"2018","3","COLOMBIA TELECOMUNICACIONES S.A. E.S.P.","POSPAGO","TEL�FONO M�VIL","2G","5895"
"2020","1","AVANTEL S.A.S","PREPAGO","TEL�FONO M�VIL","4G","289521"
"2019","2","COLOMBIA TELECOMUNICACIONES S.A. E.S.P.","PREPAGO","TEL�FONO M�VIL","3G","954766"
"2018","4","LOGISTICA FLASH COLOMBIA S.A.S","PREPAGO","TEL�FONO M�VIL","2G","5846"
"2019","2","COLOMBIA TELECOMUNICACIONES S.A. E.S.P.","POSPAGO","TEL�FONO M�VIL","4G","191670"
"2018","3","COLOMBIA TELECOMUNICACIONES S.A. E.S.P.","PREPAGO","TEL�FONO M�VIL","4G","1175426"
"2019","2","COMUNICACION CELULAR S A COMCEL S A","POSPAGO","TEL�FONO M�VIL","3G","4852"
"2019","1","COMUNICACION CELULAR S A COMCEL S A","PREPAGO","TEL�FONO M�VIL","4G","4262066"
"2019","1","COLOMBIA TELECOMUNICACIONES S.A. E.S.P.","PREPAGO","TEL�FONO M�VIL","2G","110751"
"2019","4","SUMA MOVIL S.A.S.","PREPAGO","TEL�FONO M�VIL","3G","1881"
"2019","4","VIRGIN MOBILE COLOMBIA S.A.S.","PREPAGO","TEL�FONO M�VIL","3G","242898"
"2020","1","LOGISTICA FLASH COLOMBIA S.A.S","PREPAGO","TEL�FONO M�VIL","2G","713"
"2020","1","COLOMBIA MOVIL  S.A ESP","PREPAGO","TEL�FONO M�VIL","4G","2091624"
"2020","1","VIRGIN MOBILE COLOMBIA S.A.S.","PREPAGO","TEL�FONO M�VIL","3G","209414"
"2018","2","UFF MOVIL SAS","PREPAGO","TEL�FONO M�VIL","4G","677"
"2018","4","ALMACENES EXITO INVERSIONES S.A.S.","PREPAGO","TEL�FONO M�VIL","3G","185967"
"2019","3","COLOMBIA TELECOMUNICACIONES S.A. E.S.P.","POSPAGO","TEL�FONO M�VIL","3G","34423"
"2019","1","ALMACENES EXITO INVERSIONES S.A.S.","PREPAGO","TEL�FONO M�VIL","3G","285925"
"2018","4","LOGISTICA FLASH COLOMBIA S.A.S","PREPAGO","TEL�FONO M�VIL","4G","265311"
"2018","2","COMUNICACION CELULAR S A COMCEL S A","PREPAGO","TEL�FONO M�VIL","3G","4841408"
"2019","4","VIRGIN MOBILE COLOMBIA S.A.S.","PREPAGO","TEL�FONO M�VIL","4G","336060"
"2018","3","AVANTEL S.A.S","PREPAGO","TEL�FONO M�VIL","4G","387976"
"2019","4","EMPRESA DE TELECOMUNICACIONES DE BOGOTA S.A. ESP","PREPAGO","TEL�FONO M�VIL","3G","25689"
"2018","4","COLOMBIA MOVIL  S.A ESP","PREPAGO","TEL�FONO M�VIL","4G","1604047"
"2019","1","EMPRESA DE TELECOMUNICACIONES DE BOGOTA S.A. ESP","PREPAGO","TEL�FONO M�VIL","3G","35264"
"2019","1","VIRGIN MOBILE COLOMBIA S.A.S.","PREPAGO","TEL�FONO M�VIL","2G","14080"
"2019","1","COMUNICACION CELULAR S A COMCEL S A","POSPAGO","TEL�FONO M�VIL","2G","2446"
"2018","2","COMUNICACION CELULAR S A COMCEL S A","PREPAGO","TEL�FONO M�VIL","4G","2670186"
"2018","3","ALMACENES EXITO INVERSIONES S.A.S.","PREPAGO","TEL�FONO M�VIL","3G","287134"
"2018","3","COLOMBIA MOVIL  S.A ESP","PREPAGO","TEL�FONO M�VIL","3G","769342"
"2019","3","COLOMBIA MOVIL  S.A ESP","PREPAGO","TEL�FONO M�VIL","4G","1815132"
"2018","3","COLOMBIA MOVIL  S.A ESP","POSPAGO","TEL�FONO M�VIL","4G","38961"
"2019","4","COMUNICACION CELULAR S A COMCEL S A","POSPAGO","TEL�FONO M�VIL","4G","6529"
"2019","3","COLOMBIA TELECOMUNICACIONES S.A. E.S.P.","POSPAGO","TEL�FONO M�VIL","4G","188832"
"2019","4","COMUNICACION CELULAR S A COMCEL S A","POSPAGO","TEL�FONO M�VIL","2G","1367"
"2019","4","ALMACENES EXITO INVERSIONES S.A.S.","PREPAGO","TEL�FONO M�VIL","3G","229478"
"2019","3","LOGISTICA FLASH COLOMBIA S.A.S","PREPAGO","TEL�FONO M�VIL","2G","2574"
"2018","4","COMUNICACION CELULAR S A COMCEL S A","POSPAGO","TEL�FONO M�VIL","2G","3431"
"2018","2","COMUNICACION CELULAR S A COMCEL S A","POSPAGO","TEL�FONO M�VIL","2G","5900"
"2020","1","COLOMBIA MOVIL  S.A ESP","POSPAGO","TEL�FONO M�VIL","2G","157"
"2019","1","COLOMBIA MOVIL  S.A ESP","POSPAGO","TEL�FONO M�VIL","3G","5002"
"2019","1","LOGISTICA FLASH COLOMBIA S.A.S","PREPAGO","TEL�FONO M�VIL","4G","280329"
"2019","2","SUMA MOVIL S.A.S.","PREPAGO","TEL�FONO M�VIL","3G","333"
"2019","2","COMUNICACION CELULAR S A COMCEL S A","POSPAGO","TEL�FONO M�VIL","4G","7530"
"2020","1","COLOMBIA TELECOMUNICACIONES S.A. E.S.P.","PREPAGO","TEL�FONO M�VIL","2G","79231"
"2019","3","COMUNICACION CELULAR S A COMCEL S A","PREPAGO","TEL�FONO M�VIL","2G","358634"
"2019","1","COLOMBIA TELECOMUNICACIONES S.A. E.S.P.","POSPAGO","TEL�FONO M�VIL","4G","227453"
"2019","4","VIRGIN MOBILE COLOMBIA S.A.S.","PREPAGO","TEL�FONO M�VIL","2G","15585"
"2018","3","VIRGIN MOBILE COLOMBIA S.A.S.","PREPAGO","TEL�FONO M�VIL","2G","18608"
"2019","2","COLOMBIA TELECOMUNICACIONES S.A. E.S.P.","PREPAGO","TEL�FONO M�VIL","2G","101549"
"2020","1","ALMACENES EXITO INVERSIONES S.A.S.","PREPAGO","TEL�FONO M�VIL","3G","198812"
"2018","2","COLOMBIA TELECOMUNICACIONES S.A. E.S.P.","PREPAGO","TEL�FONO M�VIL","3G","1068453"
"2018","4","VIRGIN MOBILE COLOMBIA S.A.S.","PREPAGO","TEL�FONO M�VIL","4G","109863"
"2020","1","COMUNICACION CELULAR S A COMCEL S A","PREPAGO","TEL�FONO M�VIL","3G","3368011"
"2018","4","COMUNICACION CELULAR S A COMCEL S A","PREPAGO","TEL�FONO M�VIL","3G","4345391"
"2018","3","COLOMBIA TELECOMUNICACIONES S.A. E.S.P.","POSPAGO","TEL�FONO M�VIL","4G","277096"
"2018","4","SUMA MOVIL S.A.S.","PREPAGO","TEL�FONO M�VIL","3G","389"
"2019","4","EMPRESA DE TELECOMUNICACIONES DE BOGOTA S.A. ESP","PREPAGO","TEL�FONO M�VIL","2G","663"
"2018","2","SUMA MOVIL S.A.S.","PREPAGO","TEL�FONO M�VIL","3G","335"
"2019","3","AVANTEL S.A.S","PREPAGO","TEL�FONO M�VIL","4G","403248"
"2018","2","COLOMBIA TELECOMUNICACIONES S.A. E.S.P.","POSPAGO","TEL�FONO M�VIL","4G","295025"
"2019","1","COMUNICACION CELULAR S A COMCEL S A","POSPAGO","TEL�FONO M�VIL","4G","11367"
"2020","1","SUMA MOVIL S.A.S.","PREPAGO","TEL�FONO M�VIL","3G","687"
"2019","2","NESH MOVIL S A S","PREPAGO","TEL�FONO M�VIL","3G","0"
"2020","1","EMPRESA DE TELECOMUNICACIONES DE BOGOTA S.A. ESP","PREPAGO","TEL�FONO M�VIL","4G","113666"
"2018","4","COMUNICACION CELULAR S A COMCEL S A","PREPAGO","TEL�FONO M�VIL","2G","456295"
"2018","3","COMUNICACION CELULAR S A COMCEL S A","PREPAGO","TEL�FONO M�VIL","3G","4410510"
"2019","2","COLOMBIA TELECOMUNICACIONES S.A. E.S.P.","PREPAGO","TEL�FONO M�VIL","4G","1556385"
"2019","3","COLOMBIA TELECOMUNICACIONES S.A. E.S.P.","POSPAGO","TEL�FONO M�VIL","2G","1300"
"2018","2","VIRGIN MOBILE COLOMBIA S.A.S.","PREPAGO","TEL�FONO M�VIL","3G","348970"
"2018","4","COMUNICACION CELULAR S A COMCEL S A","POSPAGO","TEL�FONO M�VIL","3G","9227"
"2019","1","VIRGIN MOBILE COLOMBIA S.A.S.","PREPAGO","TEL�FONO M�VIL","3G","248631"
"2019","2","VIRGIN MOBILE COLOMBIA S.A.S.","PREPAGO","TEL�FONO M�VIL","2G","11390"
"2019","4","COMUNICACION CELULAR S A COMCEL S A","PREPAGO","TEL�FONO M�VIL","4G","6192999"
"2018","3","COMUNICACION CELULAR S A COMCEL S A","POSPAGO","TEL�FONO M�VIL","4G","22772"
"2020","1","VIRGIN MOBILE COLOMBIA S.A.S.","PREPAGO","TEL�FONO M�VIL","4G","488883"
"2019","2","EMPRESA DE TELECOMUNICACIONES DE BOGOTA S.A. ESP","PREPAGO","TEL�FONO M�VIL","4G","119209"
"2019","1","COLOMBIA MOVIL  S.A ESP","PREPAGO","TEL�FONO M�VIL","4G","1525921"
"2020","1","COLOMBIA TELECOMUNICACIONES S.A. E.S.P.","POSPAGO","TEL�FONO M�VIL","3G","24119"
"2019","2","SUMA MOVIL S.A.S.","PREPAGO","TEL�FONO M�VIL","4G","453"
"2020","1","COLOMBIA MOVIL  S.A ESP","PREPAGO","TEL�FONO M�VIL","2G","127438"
"2019","3","COMUNICACION CELULAR S A COMCEL S A","PREPAGO","TEL�FONO M�VIL","3G","3698594"
"2018","2","COLOMBIA TELECOMUNICACIONES S.A. E.S.P.","POSPAGO","TEL�FONO M�VIL","3G","116491"
"2019","2","COMUNICACION CELULAR S A COMCEL S A","PREPAGO","TEL�FONO M�VIL","2G","375971"
"2019","3","ALMACENES EXITO INVERSIONES S.A.S.","PREPAGO","TEL�FONO M�VIL","3G","179656"
"2020","1","VIRGIN MOBILE COLOMBIA S.A.S.","PREPAGO","TEL�FONO M�VIL","2G","13822"
"2019","1","COMUNICACION CELULAR S A COMCEL S A","POSPAGO","TEL�FONO M�VIL","3G","7830"
"2019","3","VIRGIN MOBILE COLOMBIA S.A.S.","PREPAGO","TEL�FONO M�VIL","4G","208138"
"2018","4","VIRGIN MOBILE COLOMBIA S.A.S.","PREPAGO","TEL�FONO M�VIL","3G","288242"
"2018","3","COMUNICACION CELULAR S A COMCEL S A","POSPAGO","TEL�FONO M�VIL","3G","14142"
"2019","4","COLOMBIA MOVIL  S.A ESP","PREPAGO","TEL�FONO M�VIL","3G","760437"
"2019","2","LOGISTICA FLASH COLOMBIA S.A.S","PREPAGO","TEL�FONO M�VIL","3G","152253"
"2018","4","COLOMBIA TELECOMUNICACIONES S.A. E.S.P.","POSPAGO","TEL�FONO M�VIL","2G","5845"
"2019","1","EMPRESA DE TELECOMUNICACIONES DE BOGOTA S.A. ESP","PREPAGO","TEL�FONO M�VIL","2G","982"
"2018","4","VIRGIN MOBILE COLOMBIA S.A.S.","PREPAGO","TEL�FONO M�VIL","2G","16692"
"2019","1","COLOMBIA TELECOMUNICACIONES S.A. E.S.P.","POSPAGO","TEL�FONO M�VIL","3G","46510"
"2019","2","COLOMBIA MOVIL  S.A ESP","POSPAGO","TEL�FONO M�VIL","2G","392"
"2019","4","COMUNICACION CELULAR S A COMCEL S A","PREPAGO","TEL�FONO M�VIL","3G","3881485"
"2018","3","COMUNICACION CELULAR S A COMCEL S A","PREPAGO","TEL�FONO M�VIL","4G","3097991"
"2018","3","EMPRESA DE TELECOMUNICACIONES DE BOGOTA S.A. ESP","PREPAGO","TEL�FONO M�VIL","2G","1328"
"2019","4","COLOMBIA TELECOMUNICACIONES S.A. E.S.P.","POSPAGO","TEL�FONO M�VIL","4G","178528"
"2019","4","COLOMBIA TELECOMUNICACIONES S.A. E.S.P.","PREPAGO","TEL�FONO M�VIL","2G","88717"
"2019","4","COLOMBIA MOVIL  S.A ESP","POSPAGO","TEL�FONO M�VIL","4G","6991"
"2019","4","EMPRESA DE TELECOMUNICACIONES DE BOGOTA S.A. ESP","PREPAGO","TEL�FONO M�VIL","4G","118628"
"2019","4","COLOMBIA TELECOMUNICACIONES S.A. E.S.P.","POSPAGO","TEL�FONO M�VIL","2G","993"
"2019","3","SUMA MOVIL S.A.S.","PREPAGO","TEL�FONO M�VIL","3G","371"
"2018","3","COLOMBIA MOVIL  S.A ESP","PREPAGO","TEL�FONO M�VIL","4G","1209157"
"2018","2","UFF MOVIL SAS","PREPAGO","TEL�FONO M�VIL","2G","5392"
"2019","2","VIRGIN MOBILE COLOMBIA S.A.S.","PREPAGO","TEL�FONO M�VIL","3G","212752"
"2018","2","COLOMBIA MOVIL  S.A ESP","POSPAGO","TEL�FONO M�VIL","2G","1270"
"2018","3","COMUNICACION CELULAR S A COMCEL S A","PREPAGO","TEL�FONO M�VIL","2G","465603"
"2019","3","COMUNICACION CELULAR S A COMCEL S A","POSPAGO","TEL�FONO M�VIL","2G","1553"
"2019","3","COLOMBIA MOVIL  S.A ESP","PREPAGO","TEL�FONO M�VIL","2G","129699"
"2018","3","EMPRESA DE TELECOMUNICACIONES DE BOGOTA S.A. ESP","PREPAGO","TEL�FONO M�VIL","3G","47352"
"2018","4","EMPRESA DE TELECOMUNICACIONES DE BOGOTA S.A. ESP","PREPAGO","TEL�FONO M�VIL","4G","125392"
"2019","1","COMUNICACION CELULAR S A COMCEL S A","PREPAGO","TEL�FONO M�VIL","2G","523810"
"2018","2","EMPRESA DE TELECOMUNICACIONES DE BOGOTA S.A. ESP","PREPAGO","TEL�FONO M�VIL","2G","1559"
"2020","1","COLOMBIA TELECOMUNICACIONES S.A. E.S.P.","PREPAGO","TEL�FONO M�VIL","4G","1883478"
"2019","2","NESH MOVIL S A S","PREPAGO","TEL�FONO M�VIL","4G","0"
"2018","2","COLOMBIA TELECOMUNICACIONES S.A. E.S.P.","PREPAGO","TEL�FONO M�VIL","2G","124628"
"2018","3","COMUNICACION CELULAR S A COMCEL S A","POSPAGO","TEL�FONO M�VIL","2G","4318"
"2019","3","VIRGIN MOBILE COLOMBIA S.A.S.","PREPAGO","TEL�FONO M�VIL","3G","262541"
"2019","1","COLOMBIA TELECOMUNICACIONES S.A. E.S.P.","PREPAGO","TEL�FONO M�VIL","4G","1410177"
"2019","2","COMUNICACION CELULAR S A COMCEL S A","PREPAGO","TEL�FONO M�VIL","4G","4558417"
"2019","2","LOGISTICA FLASH COLOMBIA S.A.S","PREPAGO","TEL�FONO M�VIL","2G","3765"
"2020","1","COLOMBIA TELECOMUNICACIONES S.A. E.S.P.","PREPAGO","TEL�FONO M�VIL","3G","881750"
"2018","2","COLOMBIA TELECOMUNICACIONES S.A. E.S.P.","POSPAGO","TEL�FONO M�VIL","2G","9385"
"2019","3","COLOMBIA MOVIL  S.A ESP","PREPAGO","TEL�FONO M�VIL","3G","705653"
"2019","2","COMUNICACION CELULAR S A COMCEL S A","PREPAGO","TEL�FONO M�VIL","3G","3741683"
"2018","3","EMPRESA DE TELECOMUNICACIONES DE BOGOTA S.A. ESP","PREPAGO","TEL�FONO M�VIL","4G","135854"
"2019","3","LOGISTICA FLASH COLOMBIA S.A.S","PREPAGO","TEL�FONO M�VIL","4G","218728"
"2019","3","VIRGIN MOBILE COLOMBIA S.A.S.","PREPAGO","TEL�FONO M�VIL","2G","17498"
"2018","2","EMPRESA DE TELECOMUNICACIONES DE BOGOTA S.A. ESP","PREPAGO","TEL�FONO M�VIL","4G","134627"
"2020","1","COLOMBIA MOVIL  S.A ESP","POSPAGO","TEL�FONO M�VIL","3G","943"
"2019","3","COMUNICACION CELULAR S A COMCEL S A","PREPAGO","TEL�FONO M�VIL","4G","5142202"
"2018","2","COMUNICACION CELULAR S A COMCEL S A","POSPAGO","TEL�FONO M�VIL","4G","31594"
"2019","2","COLOMBIA MOVIL  S.A ESP","POSPAGO","TEL�FONO M�VIL","4G","9602"
"2018","3","COLOMBIA TELECOMUNICACIONES S.A. E.S.P.","POSPAGO","TEL�FONO M�VIL","3G","81171"
"2018","2","VIRGIN MOBILE COLOMBIA S.A.S.","PREPAGO","TEL�FONO M�VIL","2G","20979"
"2018","4","SUMA MOVIL S.A.S.","PREPAGO","TEL�FONO M�VIL","4G","416"
"2019","1","SUMA MOVIL S.A.S.","PREPAGO","TEL�FONO M�VIL","3G","374"
"2018","4","COLOMBIA MOVIL  S.A ESP","PREPAGO","TEL�FONO M�VIL","3G","832295"
"2018","3","LOGISTICA FLASH COLOMBIA S.A.S","PREPAGO","TEL�FONO M�VIL","4G","123228"
"2019","1","SUMA MOVIL S.A.S.","PREPAGO","TEL�FONO M�VIL","4G","476"
"2019","4","COLOMBIA TELECOMUNICACIONES S.A. E.S.P.","POSPAGO","TEL�FONO M�VIL","3G","28464"
"2019","3","EMPRESA DE TELECOMUNICACIONES DE BOGOTA S.A. ESP","PREPAGO","TEL�FONO M�VIL","2G","829"
"2018","4","COLOMBIA TELECOMUNICACIONES S.A. E.S.P.","PREPAGO","TEL�FONO M�VIL","2G","127624"
"2018","4","COLOMBIA TELECOMUNICACIONES S.A. E.S.P.","PREPAGO","TEL�FONO M�VIL","4G","1246540"
"2019","3","COLOMBIA MOVIL  S.A ESP","POSPAGO","TEL�FONO M�VIL","3G","1306"
"2020","1","COLOMBIA MOVIL  S.A ESP","PREPAGO","TEL�FONO M�VIL","3G","700634"
"2019","1","COMUNICACION CELULAR S A COMCEL S A","PREPAGO","TEL�FONO M�VIL","3G","4452443"
"2019","3","NESH MOVIL S A S","PREPAGO","TEL�FONO M�VIL","4G","0"
"2019","4","COLOMBIA MOVIL  S.A ESP","PREPAGO","TEL�FONO M�VIL","4G","2257829"
"2018","4","EMPRESA DE TELECOMUNICACIONES DE BOGOTA S.A. ESP","PREPAGO","TEL�FONO M�VIL","2G","1025"
"2019","4","AVANTEL S.A.S","PREPAGO","TEL�FONO M�VIL","4G","332549"
"2020","1","COMUNICACION CELULAR S A COMCEL S A","PREPAGO","TEL�FONO M�VIL","4G","5785099"
"2018","3","VIRGIN MOBILE COLOMBIA S.A.S.","PREPAGO","TEL�FONO M�VIL","4G","125286"
"2019","2","COLOMBIA MOVIL  S.A ESP","PREPAGO","TEL�FONO M�VIL","4G","1605440"
"2019","2","ALMACENES EXITO INVERSIONES S.A.S.","PREPAGO","TEL�FONO M�VIL","3G","177063"
"2020","2","EMPRESA DE TELECOMUNICACIONES DE BOGOTA S.A. ESP","PREPAGO","TEL�FONO M�VIL","4G","106250"
"2020","2","COMUNICACION CELULAR S A COMCEL S A","POSPAGO","TEL�FONO M�VIL","2G","891"
"2020","2","SUMA MOVIL S.A.S.","PREPAGO","TEL�FONO M�VIL","4G","2430"
"2020","2","COLOMBIA MOVIL  S.A ESP","PREPAGO","TEL�FONO M�VIL","4G","1943934"
"2020","2","AVANTEL S.A.S","PREPAGO","DATA CARD","4G","415"
"2020","2","COLOMBIA MOVIL  S.A ESP","POSPAGO","DATA CARD","4G","233"
"2020","2","COMUNICACION CELULAR S A COMCEL S A","POSPAGO","DATA CARD","2G","11"
"2020","2","COMUNICACION CELULAR S A COMCEL S A","POSPAGO","DATA CARD","3G","26"
"2020","2","VIRGIN MOBILE COLOMBIA S.A.S.","PREPAGO","TEL�FONO M�VIL","4G","418977"
"2020","2","COMUNICACION CELULAR S A COMCEL S A","POSPAGO","TEL�FONO M�VIL","3G","2635"
"2020","2","VIRGIN MOBILE COLOMBIA S.A.S.","PREPAGO","TEL�FONO M�VIL","2G","13237"
"2020","2","COLOMBIA TELECOMUNICACIONES S.A. E.S.P.","PREPAGO","DATA CARD","3G","11303"
"2020","2","COLOMBIA MOVIL  S.A ESP","PREPAGO","DATA CARD","3G","2536"
"2020","2","COLOMBIA TELECOMUNICACIONES S.A. E.S.P.","POSPAGO","TEL�FONO M�VIL","2G","703"
"2020","2","EMPRESA DE TELECOMUNICACIONES DE BOGOTA S.A. ESP","PREPAGO","TEL�FONO M�VIL","3G","20359"
"2020","2","COMUNICACION CELULAR S A COMCEL S A","PREPAGO","DATA CARD","3G","9928"
"2020","2","COLOMBIA MOVIL  S.A ESP","POSPAGO","TEL�FONO M�VIL","3G","759"
"2020","2","SUMA MOVIL S.A.S.","PREPAGO","TEL�FONO M�VIL","3G","961"
"2020","2","COMUNICACION CELULAR S A COMCEL S A","POSPAGO","DATA CARD","4G","82"
"2020","2","COMUNICACION CELULAR S A COMCEL S A","PREPAGO","TEL�FONO M�VIL","3G","3332306"
"2020","2","COLOMBIA TELECOMUNICACIONES S.A. E.S.P.","PREPAGO","DATA CARD","2G","2169"
"2020","2","COLOMBIA TELECOMUNICACIONES S.A. E.S.P.","POSPAGO","DATA CARD","2G","46053"
"2020","2","COMUNICACION CELULAR S A COMCEL S A","PREPAGO","DATA CARD","2G","682"
"2020","2","COLOMBIA TELECOMUNICACIONES S.A. E.S.P.","PREPAGO","DATA CARD","4G","6971"
"2020","3","COLOMBIA TELECOMUNICACIONES S.A. E.S.P.","POSPAGO","TEL�FONO M�VIL","4G","111680"
"2020","3","VIRGIN MOBILE COLOMBIA S.A.S.","PREPAGO","TEL�FONO M�VIL","4G","440919"
"2020","3","COLOMBIA TELECOMUNICACIONES S.A. E.S.P.","PREPAGO","TEL�FONO M�VIL","4G","2097839"
"2020","3","COLOMBIA MOVIL  S.A ESP","PREPAGO","TEL�FONO M�VIL","2G","115661"
"2020","3","COMUNICACION CELULAR S A COMCEL S A","POSPAGO","DATA CARD","2G","10"
"2020","3","SUMA MOVIL S.A.S.","PREPAGO","TEL�FONO M�VIL","3G","1017"
"2020","3","COMUNICACION CELULAR S A COMCEL S A","POSPAGO","TEL�FONO M�VIL","3G","2427"
"2020","3","COLOMBIA TELECOMUNICACIONES S.A. E.S.P.","PREPAGO","DATA CARD","4G","7967"
"2020","3","COLOMBIA MOVIL  S.A ESP","PREPAGO","DATA CARD","4G","2841"
"2020","3","COLOMBIA MOVIL  S.A ESP","PREPAGO","TEL�FONO M�VIL","3G","626310"
"2020","3","COLOMBIA MOVIL  S.A ESP","PREPAGO","TEL�FONO M�VIL","4G","2228680"
"2020","3","AVANTEL S.A.S","PREPAGO","TEL�FONO M�VIL","4G","279228"
"2020","3","COMUNICACION CELULAR S A COMCEL S A","PREPAGO","TEL�FONO M�VIL","3G","3157351"
"2020","3","COLOMBIA TELECOMUNICACIONES S.A. E.S.P.","PREPAGO","TEL�FONO M�VIL","2G","70443"
"2020","3","VIRGIN MOBILE COLOMBIA S.A.S.","PREPAGO","TEL�FONO M�VIL","3G","182074"
"2020","3","COLOMBIA TELECOMUNICACIONES S.A. E.S.P.","PREPAGO","TEL�FONO M�VIL","3G","813483"
"2020","3","COLOMBIA TELECOMUNICACIONES S.A. E.S.P.","POSPAGO","TEL�FONO M�VIL","3G","17027"
"2020","3","COLOMBIA MOVIL  S.A ESP","POSPAGO","TEL�FONO M�VIL","2G","72"
"2020","3","COMUNICACION CELULAR S A COMCEL S A","PREPAGO","DATA CARD","3G","8645"
"2020","3","COLOMBIA MOVIL  S.A ESP","POSPAGO","TEL�FONO M�VIL","4G","4275"
"2020","3","COLOMBIA TELECOMUNICACIONES S.A. E.S.P.","PREPAGO","DATA CARD","3G","11939"
"2020","3","COMUNICACION CELULAR S A COMCEL S A","POSPAGO","TEL�FONO M�VIL","2G","817"
"2020","3","COLOMBIA TELECOMUNICACIONES S.A. E.S.P.","POSPAGO","DATA CARD","2G","28092"
"2020","3","COLOMBIA TELECOMUNICACIONES S.A. E.S.P.","POSPAGO","TEL�FONO M�VIL","2G","519"
"2020","3","VIRGIN MOBILE COLOMBIA S.A.S.","PREPAGO","TEL�FONO M�VIL","2G","11750"
"2020","3","COMUNICACION CELULAR S A COMCEL S A","PREPAGO","DATA CARD","4G","22346"
"2020","3","COLOMBIA MOVIL  S.A ESP","POSPAGO","TEL�FONO M�VIL","3G","667"
"2020","3","EMPRESA DE TELECOMUNICACIONES DE BOGOTA S.A. ESP","PREPAGO","TEL�FONO M�VIL","2G","2289"
"2020","3","COLOMBIA MOVIL  S.A ESP","POSPAGO","DATA CARD","3G","21"
"2020","3","COMUNICACION CELULAR S A COMCEL S A","POSPAGO","DATA CARD","4G","52"
"2020","3","LOGISTICA FLASH COLOMBIA S.A.S","PREPAGO","TEL�FONO M�VIL","4G","104057"
"2020","3","AVANTEL S.A.S","PREPAGO","DATA CARD","4G","302"
"2020","3","COLOMBIA MOVIL  S.A ESP","POSPAGO","DATA CARD","4G","115"
"2020","3","COMUNICACION CELULAR S A COMCEL S A","PREPAGO","DATA CARD","2G","533"
"2020","3","COLOMBIA MOVIL  S.A ESP","PREPAGO","DATA CARD","3G","6012"
"2020","3","COLOMBIA TELECOMUNICACIONES S.A. E.S.P.","POSPAGO","DATA CARD","4G","1520"
"2020","3","EMPRESA DE TELECOMUNICACIONES DE BOGOTA S.A. ESP","PREPAGO","TEL�FONO M�VIL","4G","98534"
"2020","3","COLOMBIA TELECOMUNICACIONES S.A. E.S.P.","POSPAGO","DATA CARD","3G","160"
"2020","3","LOGISTICA FLASH COLOMBIA S.A.S","PREPAGO","TEL�FONO M�VIL","3G","35579"
"2020","3","COMUNICACION CELULAR S A COMCEL S A","PREPAGO","TEL�FONO M�VIL","2G","283073"
"2020","3","COLOMBIA TELECOMUNICACIONES S.A. E.S.P.","PREPAGO","DATA CARD","2G","2380"
"2020","3","ALMACENES EXITO INVERSIONES S.A.S.","PREPAGO","TEL�FONO M�VIL","3G","181479"
"2020","3","EMPRESA DE TELECOMUNICACIONES DE BOGOTA S.A. ESP","PREPAGO","TEL�FONO M�VIL","3G","22483"
"2020","3","COMUNICACION CELULAR S A COMCEL S A","PREPAGO","TEL�FONO M�VIL","4G","6247124"
"2020","3","COMUNICACION CELULAR S A COMCEL S A","POSPAGO","TEL�FONO M�VIL","4G","3964"
"2020","3","LOGISTICA FLASH COLOMBIA S.A.S","PREPAGO","TEL�FONO M�VIL","2G","510"
"2020","3","COMUNICACION CELULAR S A COMCEL S A","POSPAGO","DATA CARD","3G","21"
"2020","3","SUMA MOVIL S.A.S.","PREPAGO","TEL�FONO M�VIL","4G","2542"
"2020","4","COMUNICACION CELULAR S A COMCEL S A","PREPAGO","DATA CARD","3G","8585"
"2020","4","AVANTEL S.A.S","PREPAGO","DATA CARD","4G","559"
"2020","4","COLOMBIA TELECOMUNICACIONES S.A. E.S.P.","POSPAGO","TEL�FONO M�VIL","2G","313"
"2020","4","COLOMBIA MOVIL  S.A ESP","PREPAGO","TEL�FONO M�VIL","2G","115876"
"2020","4","VIRGIN MOBILE COLOMBIA S.A.S.","PREPAGO","TEL�FONO M�VIL","4G","481604"
"2020","4","AVANTEL S.A.S","PREPAGO","TEL�FONO M�VIL","4G","317495"
"2020","4","COMUNICACION CELULAR S A COMCEL S A","POSPAGO","TEL�FONO M�VIL","2G","760"
"2020","4","COLOMBIA TELECOMUNICACIONES S.A. E.S.P.","PREPAGO","DATA CARD","4G","8782"
"2020","4","COLOMBIA MOVIL  S.A ESP","POSPAGO","DATA CARD","4G","124"
"2020","4","LOGISTICA FLASH COLOMBIA S.A.S","PREPAGO","TEL�FONO M�VIL","3G","24753"
"2020","4","COLOMBIA MOVIL  S.A ESP","PREPAGO","TEL�FONO M�VIL","3G","632758"
"2020","4","COLOMBIA TELECOMUNICACIONES S.A. E.S.P.","POSPAGO","DATA CARD","2G","24785"
"2020","4","COLOMBIA TELECOMUNICACIONES S.A. E.S.P.","POSPAGO","DATA CARD","4G","1444"
"2020","4","COLOMBIA TELECOMUNICACIONES S.A. E.S.P.","POSPAGO","TEL�FONO M�VIL","3G","13235"
"2020","4","COMUNICACION CELULAR S A COMCEL S A","PREPAGO","TEL�FONO M�VIL","4G","7204922"
"2020","4","COLOMBIA TELECOMUNICACIONES S.A. E.S.P.","PREPAGO","TEL�FONO M�VIL","4G","2330840"
"2020","4","SUMA MOVIL S.A.S.","PREPAGO","TEL�FONO M�VIL","3G","641"
"2020","4","EMPRESA DE TELECOMUNICACIONES DE BOGOTA S.A. ESP","PREPAGO","TEL�FONO M�VIL","3G","18870"
"2020","4","COMUNICACION CELULAR S A COMCEL S A","POSPAGO","DATA CARD","3G","18"
"2020","4","COLOMBIA MOVIL  S.A ESP","PREPAGO","DATA CARD","4G","3523"
"2020","4","COLOMBIA TELECOMUNICACIONES S.A. E.S.P.","PREPAGO","DATA CARD","2G","2785"
"2020","4","COMUNICACION CELULAR S A COMCEL S A","POSPAGO","TEL�FONO M�VIL","3G","2136"
"2020","4","COLOMBIA TELECOMUNICACIONES S.A. E.S.P.","PREPAGO","TEL�FONO M�VIL","3G","776672"
"2020","4","COLOMBIA TELECOMUNICACIONES S.A. E.S.P.","PREPAGO","TEL�FONO M�VIL","2G","93963"
"2020","4","COLOMBIA MOVIL  S.A ESP","POSPAGO","DATA CARD","3G","22"
"2020","4","ALMACENES EXITO INVERSIONES S.A.S.","PREPAGO","TEL�FONO M�VIL","3G","217647"
"2020","4","VIRGIN MOBILE COLOMBIA S.A.S.","PREPAGO","TEL�FONO M�VIL","2G","10437"
"2020","4","COMUNICACION CELULAR S A COMCEL S A","PREPAGO","DATA CARD","2G","519"
"2020","4","COMUNICACION CELULAR S A COMCEL S A","PREPAGO","DATA CARD","4G","23022"
"2020","4","COLOMBIA MOVIL  S.A ESP","POSPAGO","TEL�FONO M�VIL","3G","874"
"2020","4","COLOMBIA TELECOMUNICACIONES S.A. E.S.P.","PREPAGO","DATA CARD","3G","12506"
"2020","4","COLOMBIA MOVIL  S.A ESP","PREPAGO","DATA CARD","3G","6546"
"2020","4","LOGISTICA FLASH COLOMBIA S.A.S","PREPAGO","TEL�FONO M�VIL","2G","279"
"2020","4","EMPRESA DE TELECOMUNICACIONES DE BOGOTA S.A. ESP","PREPAGO","TEL�FONO M�VIL","2G","1783"
"2020","4","COMUNICACION CELULAR S A COMCEL S A","POSPAGO","TEL�FONO M�VIL","4G","4001"
"2020","4","SETROC MOBILE GROUP SAS","PREPAGO","TEL�FONO M�VIL","4G","11651"
"2020","4","COLOMBIA MOVIL  S.A ESP","PREPAGO","TEL�FONO M�VIL","4G","2663935"
"2020","4","COMUNICACION CELULAR S A COMCEL S A","POSPAGO","DATA CARD","4G","50"
"2020","4","COLOMBIA MOVIL  S.A ESP","POSPAGO","TEL�FONO M�VIL","4G","5475"
"2020","4","COLOMBIA TELECOMUNICACIONES S.A. E.S.P.","POSPAGO","TEL�FONO M�VIL","4G","97598"
"2020","4","COMUNICACION CELULAR S A COMCEL S A","PREPAGO","TEL�FONO M�VIL","2G","282511"
"2020","4","COLOMBIA MOVIL  S.A ESP","POSPAGO","TEL�FONO M�VIL","2G","74"
"2020","4","COLOMBIA TELECOMUNICACIONES S.A. E.S.P.","POSPAGO","DATA CARD","3G","197"
"2020","4","EMPRESA DE TELECOMUNICACIONES DE BOGOTA S.A. ESP","PREPAGO","TEL�FONO M�VIL","4G","95355"
"2020","4","COMUNICACION CELULAR S A COMCEL S A","POSPAGO","DATA CARD","2G","9"
"2020","4","SUMA MOVIL S.A.S.","PREPAGO","TEL�FONO M�VIL","4G","2769"
"2020","4","LOGISTICA FLASH COLOMBIA S.A.S","PREPAGO","TEL�FONO M�VIL","4G","99855"
"2020","4","COMUNICACION CELULAR S A COMCEL S A","PREPAGO","TEL�FONO M�VIL","3G","3178214"
"2020","4","VIRGIN MOBILE COLOMBIA S.A.S.","PREPAGO","TEL�FONO M�VIL","3G","172036"
